lat, long, sent
41.53727776, -93.64148682, 0.0
43.2663871, -70.86568759, 0.509615384615
38.20740288, -75.68530703, -1.0
44.02592972, -88.54747457, 0.25
33.55153455, -117.68084572, -0.75
33.25974563, -111.64062995, 1.125
31.19768928, -92.338971, 1.514423076923
33.73272708, -117.83282379, -0.40625
42.4965248, -84.86249518, 0.0
38.3101952, -104.57904583, 2.0977564102560002
37.76888286, -122.41947413, 0.0
36.10887115, -115.17785334, 0.0
33.2082245, -97.16532583, 0.875
42.01374789, -93.65099685, 0.375
29.83336606, -95.74194289, 0.0
40.79117632, -74.25445596, 0.854166666667
41.35012449, -88.8633747, 0.5625
30.61699455, -96.34567151, 0.48284313725499994
42.3068863, -83.3310164, 0.75
34.066726, -118.376406, -0.875
37.6577311, -97.24362265, -1.425
35.87538326, -78.57489718, 0.25
33.19990596, -97.1310332, -0.25
41.18617186, -112.07087288, 0.025000000000000022
40.74071311, -74.00470416, 0.354166666667
33.42983569, -112.54813392, 0.0
32.61716311, -117.08162755, 0.535714285714
33.13323134, -97.07624216, 0.0
32.30557215, -86.2658333, 0.35
34.095623, -118.282104, -0.1875
33.20832842, -97.1504871, 0.723214285714
46.86038566, -96.7672426, 0.0
34.67752203, -118.16718777, 0.535714285714
33.20046369, -87.53398759, -0.3125
32.28452967, -106.74607543, 0.25
42.43140775, -71.05220121, 0.375
40.69167069, -80.31170327, 0.28571428571400004
33.77213818, -118.10963187, -0.235119047619
32.34883512, -96.65289159, -0.08333333333300003
42.02655631, -88.28560224, 0.0
33.5006076, -80.86066357, 0.791666666667
33.9459653, -118.03864836, -0.15833333333299998
47.00635174, -122.82454779, -0.5208333333319999
38.3689924, -93.7685466, 0.875
39.29249068, -88.13839775, -1.428571428571
49.28184099, -122.74994471, -1.103174603175
30.58759609, -96.34500691, 0.375
43.00118519, -76.12762704, 0.0
29.89649529, -81.34100678, 0.0
26.50789277, -81.91323037, 0.0
40.33631603, -74.55888078, -0.25
36.97062697, -120.04451618, -0.28125
40.57717066, -74.32007919, 0.0
36.13715751, -115.16404706, -0.375
28.3446777, -82.23174718, -0.5
36.2175774, -86.7533768, 0.0
32.60011545, -82.34674908, 0.375
42.05319716, -92.90949995, -0.25
37.691344, -122.1846676, 0.639423076923
40.57688851, -86.16545364, -0.3125
41.73144458, -72.70406579, 0.0
34.13131133, -117.35911746, 0.875
28.07445192, -82.41329569, -1.208333333333
40.69390746, -80.31412316, 0.25
40.70978937, -74.35287782, 0.0
39.35419679, -84.36525441, 0.9935897435900001
35.1842682, -94.6798644, -0.9285714285710001
32.2150552, -110.9757065, 0.0
40.62727435, -74.27559885, -0.125
33.57874644, -84.64462529, 0.375
34.25435532, -118.76061445, -0.8921568627450001
33.97602288, -118.35096727, 0.0
31.29727576, -89.31493892, -0.375
34.09403478, -118.36471643, 0.0
42.4665687, -75.06081828, 0.208333333333
40.49439364, -74.45575498, 0.0
42.8067833, -73.91983383, -0.875
40.0804778, -75.09183579, -0.319711538462
33.93069237, -118.31878935, -1.1875
34.0051807, -117.71887925, 0.0
36.19028151, -119.31453227, 0.0
37.78731, -122.420091, -0.25
49.27583213, -123.12271301, 0.25
48.1222342, -121.9223803, 0.291666666667
33.49683262, -112.20629208, 0.525
32.30453, -90.8689, 1.375
38.57684786, -121.50399989, 0.875
35.15670803, -80.72615144, 0.0
41.37517102, -83.63159597, 0.0
29.47506581, -98.39285111, 0.4875
33.99614309, -117.5013354, 0.25
36.2026721, -115.1744484, 0.25
40.744005, -89.5954777, -0.902777777778
34.00962065, -117.58606774, -0.208333333333
36.29045938, -115.27170662, -1.125
38.85187621, -104.81578156, 1.425
40.72992636, -111.85557353, 0.4375
29.78482809, -95.57293857, -0.375
30.46098232, -84.31275372, -0.375
38.18146839, -122.25174072, -0.25
29.98818401, -94.01226382, -0.25
47.79786807, -122.36974679, 0.0
42.0611612, -87.8625809, 0.0
41.52790206, -83.64481604, 0.0
34.2123158, -118.38972018, 1.4375
33.7031149, -112.1625766, 0.0
34.11223093, -118.33858967, -0.0625
42.49567806, -90.69504348, -0.75
47.41512508, -122.17937057, -0.25
33.5919971, -117.10230816, -0.375
36.14456236, -115.2395275, 0.0
41.926611, -73.979056, 0.12946428571400004
34.489244, -117.3933427, 0.525
39.81883456, -75.07740391, -0.6625
33.87970987, -117.69719457, 0.5
33.31781826, -112.06227987, 0.28571428571400004
32.10675458, -111.12352529, 0.0
37.38624888, -121.83969243, 0.44642857142899994
39.48473839, -88.15114059, 1.55
37.91865007, -121.70913499, -0.25
38.36524445, -86.09978185, -0.020833333333000026
37.79956253, -122.40142528, -0.725
27.90070152, -97.14350891, 0.375
38.78895552, -90.52147198, 0.4375
30.54722104, -96.30655838, 0.625
39.12453029, -77.5345372, -0.625
38.00102987, -84.40116535, -0.375
27.948752, -82.4669406, 0.25
41.74466019, -111.82363237, 0.0
33.75182939, -82.49850654, 0.0
41.74173357, -87.60282153, 0.229166666667
38.91116683, -84.54625233, -0.9375
34.16056463, -117.98927631, 1.160714285714
29.47499708, -95.81835718, 0.0
36.26382308, -115.20879457, -1.047619047619
40.04751653, -75.16813094, 0.0
33.6019564, -117.12199171, 0.625
46.65963711, -120.53974236, 0.0
29.94246364, -90.12190169, -0.711538461538
37.49459307, -77.01984183, 1.28108974359
40.26423441, -78.83290591, -0.45833333333299997
37.7844576, -122.4047872, 0.4
34.95297098, -80.61240507, 0.875
37.76141151, -122.17249732, -0.25
31.75571767, -106.33845711, -0.625
38.94087702, -92.32138492, 0.0
45.65797223, -122.62156284, 0.0
37.33471246, -121.87729951, 0.071428571429
44.96643126, -93.07374699, 0.0
47.10641879, -122.35878705, 0.25
41.7017388, -83.5733785, 0.75
33.98011849, -118.20875424, 0.666666666667
35.73256108, -97.98182655, -0.5171568627450001
45.55078407, -93.23476915, 0.625
33.94965629, -84.35613435, 0.375
30.25333537, -85.94392698, 0.3125
42.5586672, -70.9430088, -3.270833333333
47.29803656, -122.38824546, 0.0
34.92392445, -82.33976347, 0.0
30.1531542, -96.4057686, -0.25
34.02936998, -118.4984479, 0.0
33.99845642, -81.03096538, -0.5
40.31287018, -111.67509922, 0.0
36.19035989, -119.31449345, 0.0
40.16415742, -75.50847371, 0.3125
36.50994065, -86.88633952, -0.25
33.0532114, -83.94976424, -2.25
33.4146253, -111.92943637, -0.625
37.25564454, -121.01037913, 0.5
42.05322279, -88.12546296, -0.25
32.72538185, -97.43226005, 0.84375
33.62946161, -112.40270035, -0.75
38.57443449, -97.68185755, -0.5
39.64806061, -79.96669032, 0.0
33.99109224, -117.37351636, -0.375
33.22050313, -87.56360268, 2.225961538461
45.49478923, -122.9328817, 0.15625
34.18168943, -118.42219781, -0.375
42.93244627, -78.88278787, 0.0
32.3415601, -86.22556228, -0.5
36.71818667, -119.56240417, -0.759615384615
36.18148938, -115.10076813, 0.461538461538
32.81437663, -109.63008716, -0.25
44.5337533, -87.91311239, 0.0
40.76328149, -73.99032913, 0.0
42.70845307, -83.04114623, 0.0
41.18119764, -73.18119533, 2.4875
38.53361136, -90.31918706, 1.4125
36.34705715, -119.6601186, -0.25
37.57316134, -122.32603176, 0.5
33.95649997, -83.35784406, 0.0
34.09712973, -118.07850047, 0.25
32.9888202, -96.88604808, -0.28125
33.89300797, -118.27853157, 0.0
47.4924256, -117.58670614, 0.0
42.27301811, -84.44708536, 0.5
26.2969988, -98.0097365, 0.8166666666669999
44.41824131, -70.79879378, 0.25
36.26709413, -115.25260244, -0.125
30.00578417, -90.21195557, -0.03125
34.10296976, -118.30899778, 1.004166666667
40.61070675, -74.40476533, -0.75
43.0187969, -87.9397841, -0.333333333333
42.9810793, -87.9931989, 0.0
38.78909977, -90.52132022, 0.5
36.83427886, -119.91885679, 1.229166666667
30.00578417, -90.21195557, 0.0
43.54592057, -116.28453547, 0.321428571429
40.69668931, -89.61412951, 0.452380952381
32.83743806, -96.77359583, 1.0
40.54279445, -76.04152001, 0.0
42.87988084, -85.76303889, -0.2
33.17952398, -97.1766471, 1.0
33.89288945, -118.27846485, -0.25
47.68633031, -122.14183924, -0.08333333333299997
31.54194514, -97.1190093, -0.25
34.006139, -117.5896616, 1.175
34.29054487, -118.68449078, 0.375
41.08011443, -79.20451683, 0.0
37.47119214, -122.25006727, -0.25
34.16947092, -118.61459968, -0.75
37.5393866, -122.0288468, -0.125
36.7705204, -119.72425399, 0.925
32.33834849, -86.22734067, -0.625
40.62498237, -74.07847225, 0.3125
39.92170217, -75.17622353, 0.41666666666700003
36.59335347, -119.42467167, -0.25
28.9740566, -98.4924781, -0.24679487179500004
35.77211944, -119.26355741, 0.0
47.43595125, -122.29362387, 0.0
36.3158999, -115.2891442, 0.5
36.71818667, -119.56241333, 0.3125
40.83650954, -74.08650094, 0.49404761904700006
39.95987496, -75.13764539, 0.5625
33.12423792, -95.60626405, -0.208333333333
36.06927127, -94.16582038, 0.5
29.95972333, -90.09056471, 0.0
45.65746157, -122.51220857, 1.104166666667
41.89746117, -87.66227581, 0.0
40.08322897, -88.27838963, 0.0
37.73763488, -87.13944724, 0.889423076923
36.22200735, -81.70261097, 0.879464285714
38.71618843, -121.26655559, 0.25
30.46074306, -84.31252134, 1.175
37.93540018, -122.35971791, 0.0
39.50032496, -75.22339429, 0.3125
40.7552368, -74.17124211, 0.375
41.60968081, -88.02198719, -0.08333333333300003
34.8078176, -98.2613243, 0.5
33.20570783, -87.54874486, 0.5
32.10672013, -111.1234853, 0.0
42.91043855, -78.877005, 0.625
40.30433869, -76.93197564, 0.375
36.59315526, -119.424686, 0.5398809523810001
42.32901855, -78.44124998, -0.875
37.68834347, -122.47392419, 0.0
41.99111938, -88.15849304, 0.75
33.9384029, -118.0475429, -0.528571428571
25.76909399, -80.22534136, 0.0
34.10055109, -117.6132017, 0.0
25.6614041, -80.43290813, 1.21875
47.49339952, -117.56956989, 0.0
45.4857818, -122.88813188, 0.71875
32.60014236, -82.34679627, 0.0
42.7125952, -87.7871468, -0.75
40.70976213, -74.35282485, 0.0
30.43340835, -97.64371984, 0.375
37.7299728, -122.1852474, 0.925
28.5395583, -81.4375439, -0.375
38.847287, -94.62791375, -0.958333333333
33.52533038, -101.86715861, -0.25
34.14561237, -117.89969097, -0.22499999999999998
40.42578983, -79.92870778, -0.4375
31.46762833, -97.15346196, 0.0
41.84603932, -71.82772748, -0.25
47.10709343, -122.22171993, 0.6875
34.13380657, -117.59596314, -0.333333333333
39.95029899, -76.73367201, 0.75
38.51283463, -122.76106937, 0.229166666667
45.50590066, -122.68377934, 0.0
42.0611612, -87.8625809, -0.625
26.2746665, -80.2756601, -0.475
41.52095065, -90.42666796, 0.0
37.2271353, -80.44461966, -0.5
37.5988881, -122.04787456, 0.525
37.765017, -122.418073, 0.535714285714
33.99614309, -117.5013354, 0.0
39.91100259, -75.23220409, 0.0
30.56419486, -92.08655141, 0.0
37.71383628, -122.44156504, 0.625
41.02973055, -80.64535328, 0.0
33.87067686, -117.92415358, 0.0
25.9416676, -80.29762902, 0.25
40.66461958, -74.22139768, -0.25
33.98064914, -118.19857939, -0.625
29.32734487, -98.49848933, -0.125
42.73457859, -73.67775515, 0.925
36.14353317, -115.1544676, 0.875
33.49674293, -112.20633776, 0.125
39.48927933, -121.50706574, 0.0
33.66232135, -117.90330932, -0.6666666666659999
41.94117424, -71.0542017, 0.754464285714
35.426587, -119.11562887, 0.0
29.90485238, -97.90062946, 1.494047619047
37.72043034, -122.48211774, 0.37946428571400004
38.42134494, -78.87776309, -0.375
42.4030374, -83.2946336, 0.25
46.8730122, -114.02070816, 0.0
40.88090037, -74.18098943, 0.6875
34.98029163, -101.90858243, 0.25
33.89862254, -118.37795318, 0.535714285714
33.78738483, -118.30453345, -0.75
32.30453, -90.8689, 0.9375
35.7720277, -119.26357363, 0.0
34.53314058, -83.97883278, -0.5
40.16870998, -79.79909552, 0.10416666666700003
38.78551601, -89.96569354, -0.10416666666600002
42.26602071, -71.11794256, 0.0
25.94602383, -80.34259534, -0.03846153846200001
42.93242065, -78.88284302, -1.0588235294119999
32.67336897, -97.15182619, 0.5625
36.17099999, -115.09268082, 0.461538461538
37.34215859, -120.49203853, 0.0
40.12838029, -91.52909053, -1.125
30.33408939, -81.49246023, 0.0
38.4959473, -121.4215915, 0.0
43.07211, -77.62492, 0.0
40.44053846, -79.95713958, 0.354166666667
34.25735855, -118.50314058, -0.25
33.5018372, -117.64247663, 0.25
33.70354196, -84.4828562, 0.0
39.89059433, -88.93888652, 0.211538461538
33.42993445, -112.54804019, 0.0
45.55358887, -94.22676849, 0.5
31.81814454, -93.52356958, 0.701923076923
33.16007587, -87.56161627, 0.5
41.6164055, -87.70844877, 0.0
25.80872733, -80.18668667, 0.46875
32.88109744, -96.56153509, 0.0
31.622356, -94.644705, 0.375
43.60711161, -116.20790855, 0.8333333333340001
37.6302693, -122.0946807, 0.0
40.4668462, -87.6865408, -0.75
41.86037088, -87.62672413, 0.25
35.24940366, -80.43575889, 0.375
40.52564074, -74.45880738, 0.25
38.14317142, -85.65518347, 1.3208333333339999
34.09710127, -118.07851958, -0.555555555556
33.96670811, -118.20038053, 0.0
39.55079768, -119.83000215, 0.0
33.65931577, -85.82690748, 0.5
46.3733306, -120.3406979, 0.0
34.095623, -118.282104, -0.1875
47.57671331, -122.60873116, 1.0176282051280001
33.99918756, -118.39945993, 0.5
36.11941999, -115.17401606, -0.23557692307699996
37.81597971, -122.27221599, -0.875
34.1712632, -118.6458928, 0.25
33.94965752, -84.35594483, -0.625
32.22868136, -110.95891172, 1.398214285714
40.705835, -73.93691, 0.125
33.42199291, -111.93257659, 0.0
33.98947342, -118.18219624, 0.41666666666700003
35.5787468, -98.2878039, 0.01041666666700003
41.00777373, -76.44966037, 0.0
29.76891, -95.414461, 0.925
39.77427072, -121.8334972, 0.0
48.42577565, -123.36969721, 1.014423076923
42.64794141, -83.13798716, 0.46153846153800004
33.91320382, -118.2907964, 0.9464285714289999
36.61811603, -88.32238308, 1.041666666667
29.96147251, -95.4843774, -0.375
42.96716032, -83.8206535, 0.0
35.23114671, -80.82158772, 0.0
40.91418932, -73.13119485, 0.25
39.48568762, -87.29436557, -0.2125
42.58776521, -71.78959628, 0.833333333333
39.9518071, -75.1560705, -0.975
36.13715751, -115.16404706, -0.333333333333
36.51046368, -86.88643612, -0.579656862745
42.3296068, -83.0514147, 0.375
25.688213, -100.36547, -0.28382352941199995
33.2083767, -97.15049936, 0.461538461538
37.98017686, -121.32562161, 0.0
33.49677105, -112.20633516, -0.8125
42.88772205, -75.63904203, 0.8125
33.58485866, -112.02744795, 0.5
37.28651645, -121.94404721, -0.46875
38.86159007, -94.77153295, 0.535714285714
40.76318987, -73.99789835, 0.925
34.4112358, -119.8441177, 1.375
33.95551674, -118.18049812, 0.375
34.09005197, -118.29292972, 0.3125
33.24861245, -111.62676687, -0.15178571428599996
40.7540102, -73.991136, -0.625
45.50945107, -122.68250093, 0.321428571429
30.00174291, -95.46168792, 0.25
28.70004687, -100.48924549, 1.208333333333
42.93244313, -78.88278536, -0.25
41.53312845, -90.58436628, -1.125
35.7720277, -119.26357363, 0.0
32.72638451, -97.11635239, 0.0
27.74246779, -98.09820634, -1.485576923077
47.52848948, -122.28010805, -0.783333333333
35.10165923, -77.08654193, 0.0
34.1189714, -117.3982413, 0.0
43.00117685, -76.12763811, 0.535714285714
33.91321078, -118.29078969, 0.25
33.57879778, -84.64467491, 0.0
33.79254356, -89.82877121, 0.0
33.94205311, -83.50160202, 0.25
39.39758282, -75.05721803, 1.098214285714
34.01738593, -118.14635812, -0.5
46.87900925, -102.79058838, 0.625
32.08986251, -96.45134729, -0.125
39.0992662, -86.10999653, 0.5
29.90485748, -97.90065427, -1.0625
33.14649931, -97.11170044, 0.0
33.50283377, -80.84471966, -0.583333333333
37.7299728, -122.1852474, -0.25
46.64957657, -122.9441177, 0.0
37.93543429, -122.35995799, 0.0
41.92404653, -103.57874572, -0.875
31.62709263, -94.64919174, 0.354166666667
28.96153686, -82.1151395, 0.0
32.82093196, -96.96305258, 1.3125
43.07985836, -89.28375295, 0.0
47.29803656, -122.38824546, 0.744047619047
37.9907951, -122.0032632, 1.0625
32.66561118, -97.01172486, -0.4375
39.99097525, -75.11731236, 0.0
33.44442072, -86.10098696, -0.458333333333
42.27668567, -88.97378993, 0.0
43.42656976, -88.21553716, 0.25
32.99486718, -96.85137955, -0.767156862745
39.73107439, -121.84786865, 0.205288461538
45.65793501, -122.6214086, 0.25
37.94209405, -122.36511184, 0.375
38.0052828, -121.83639781, 0.0
33.46654613, -117.12557929, 0.04365079365099994
41.6366806, -87.4811038, 0.0
34.0772415, -117.8126187, 0.7708333333340001
46.72960962, -117.18651891, 0.0
33.9898219, -118.05262321, 0.0
29.4040165, -98.4700361, -0.5
35.26017495, -120.68796806, 0.535714285714
32.99490779, -96.8513389, -0.625
37.25832487, -121.95559474, 1.723214285714
43.7252792, -79.78248803, 0.0
39.05253744, -94.59001059, 0.625
46.20838418, -119.77136952, 0.0
29.88659119, -97.94811395, 0.0
33.24962794, -111.62448523, 0.0
32.33087829, -86.23165685, -0.25
29.92736043, -95.67726033, 1.4875
32.5823624, -95.1226974, -0.25
33.9273839, -84.5007963, -0.5625
40.73868796, -73.99794026, 0.925
40.0624133, -79.8842455, -0.25
34.12445995, -118.06188111, 0.575791855203
35.41654872, -80.60102544, 0.125
32.902393, -96.71030339, 0.0
37.68585004, -120.9413032, -0.75
27.94452534, -82.46778276, 0.0
28.34471169, -82.23163692, 0.0
45.49447645, -122.93393292, 0.0625
40.69623281, -89.61303547, 0.375
35.15905323, -80.86989815, 0.0
34.98961584, -80.4495255, -0.25
41.7817026, -86.71074401, -0.8125
32.04229197, -102.10923243, 0.25
35.07876961, -92.4624512, 0.21617647058800005
29.62241634, -95.2424579, 0.925
44.27314571, -84.2343441, 0.3125
34.2658259, -118.74341273, 0.2625
33.79890145, -79.01082638, 0.0
41.65074008, -71.25792481, -0.375
34.11635731, -118.08276457, 0.375
32.55219578, -92.25963168, 0.848214285714
30.41072571, -91.07977301, 0.375
33.80148686, -84.2176691, 0.375
34.11128124, -117.64255899, -0.25
36.13715751, -115.16404706, 0.0
37.16921075, -87.03564254, 0.275
45.65783586, -122.62144279, 0.0
42.84111988, -78.81164832, -0.625
37.3976148, -79.1572793, -0.6875
30.25332992, -85.94393411, -0.15178571428599996
34.6680691, -88.559585, -0.5
34.22091588, -119.07101332, 0.0
35.08386401, -106.62751226, 0.0
40.75614601, -75.30657641, 0.0
46.99099321, -122.40387004, 0.211538461538
36.62313272, -121.82461289, 0.0
40.97860442, -117.74542756, 1.6875
40.10212598, -85.5995508, -0.3125
40.06866756, -76.46310161, 0.25
43.58139749, -83.88469417, 0.0
39.86126486, -95.27264404, 0.0
41.60963316, -88.02199155, 0.25
46.99788681, -122.86656005, 0.0
32.89872697, -117.19120416, -0.0625
35.30400678, -78.97574561, -1.375
40.60618169, -73.95879628, 0.535714285714
34.04443456, -118.250941, 0.0
36.59314591, -119.44029311, 0.0
34.705033, -118.10634025, 1.0
40.71048666, -74.00458751, 0.0
34.04144697, -118.2900729, 0.925
32.75270099, -96.58108866, 1.160714285714
33.42977993, -112.54806699, -0.125
40.09235177, -85.61864938, -0.125
38.67958631, -90.47486996, 0.375
35.91786606, -91.51773962, -1.025
33.45742, -94.08046, 0.229166666667
37.88401487, -121.27714729, -0.395833333333
28.14159609, -82.74856734, 0.0
34.25354617, -118.81279212, -0.07261904761900001
38.0777896, -97.9516323, 0.59375
37.81773008, -94.71618942, 0.5
43.06755237, -89.40095542, 0.041666666667
32.63107758, -116.96962141, 0.0
47.40156374, -122.62179558, 0.625
40.24056838, -111.63945758, -0.25
34.11018401, -118.10586024, 0.0
34.514161, -117.3484499, -0.5
32.31549735, -95.25652198, -0.4083333333329999
26.15800853, -80.13571369, -0.125
41.82728741, -71.48035923, -0.25
39.99493343, -76.35143531, -0.875
42.02645481, -88.2857195, 0.0
32.30557215, -86.2658333, -0.775
33.41726429, -111.86058658, 0.925
39.84413634, -96.06901464, 0.291666666667
48.12216422, -121.92222461, 0.333333333333
43.75635444, -79.57825525, 0.0
40.9145197, -74.18328543, 0.0
42.26598747, -71.11792135, -0.975
46.86033458, -96.76691361, 0.0
42.7903248, -96.14830946, -1.0
35.625556, -78.328611, -0.375
37.135363, -76.5487602, 1.321428571429
34.04060605, -118.70805231, -0.28125
33.82626225, -117.88815231, 0.0
34.49172216, -88.93630601, 0.0
30.61839244, -96.34650937, 0.5625
33.4501655, -88.78917543, -0.375
42.73450711, -73.67810888, 0.10416666666699997
38.7456308, -90.5647044, 0.4750000000000001
41.9294289, -87.93950079, 0.604166666667
37.98979154, -84.51513023, -0.5
41.60570689, -81.52994915, 0.25
33.92310973, -83.37935253, 0.0
41.7557905, -111.81616692, 2.7750000000000004
38.96004035, -90.15798035, 0.125
39.73120098, -121.86364602, -0.413461538462
37.95152377, -121.70158636, 0.0
43.47090121, -80.55161256, -1.6625
37.72745227, -121.45518243, 0.0
36.59314591, -119.44029311, 0.0
37.27670853, -107.87041487, 0.5
41.50549304, -87.34862822, 0.16666666666699997
28.2995404, -81.476771, 0.586538461538
44.89873802, -123.04564725, 0.0
29.9759357, -93.98144445, -0.25
28.5421087, -81.37904763, 0.25
33.75820042, -84.42131953, 1.1875
32.53629768, -94.92447053, 0.0
39.9518071, -75.1560705, 0.625
44.98904744, -93.25526208, 0.625
34.04628066, -118.18079137, 0.0
29.88568858, -97.9390366, -0.208333333333
32.31610161, -95.23709715, 0.910714285714
28.30949151, -81.43003366, 1.348214285714
39.63525218, -78.27413463, 0.0
34.154482, -118.448889, 0.0
42.9380804, -87.98115727, 0.0
32.20069193, -110.82722049, 0.25
34.01292061, -84.30260349, -0.25
39.04758365, -94.36604427, 0.0
33.9202968, -118.20186071, 0.375
46.75568316, -123.00284252, -1.125
37.4160509, -94.74177903, -0.28125
41.50146392, -81.20146268, 1.0
33.20548823, -87.54907949, 0.583333333333
39.35565086, -84.45711229, 0.25
42.1341879, -72.7353, -0.25
30.6170704, -96.34563698, -0.375
30.17499488, -91.99422223, 0.5
42.51819315, -92.34243697, -0.03846153846200001
46.65959681, -120.53977293, 0.75
32.498699, -92.1152835, 0.639423076923
34.10116219, -118.34468365, 0.0
33.08630968, -96.62512123, 0.0
33.2076731, -97.14772278, 1.004464285714
36.01227525, -115.1281888, 0.5
40.44053846, -79.95713958, 2.725
42.31827349, -71.04135007, 0.06071428571400006
41.15199084, -81.35476132, 0.81875
36.71818857, -119.56240643, 0.40625
33.86248651, -117.72878823, -0.375
33.82486158, -117.95850322, 0.0
41.61605228, -87.58779222, 1.296875
40.86376214, -73.88680595, 0.04166666666700003
47.68628137, -122.14169997, 1.723214285714
33.3731476, -84.7800685, -0.375
34.06829301, -117.91393949, -0.25
43.62764072, -89.77725619, 0.46875
34.96839102, -81.98418237, 1.5
40.05525452, -75.10228727, 0.0
39.63129303, -79.95640699, 0.0
41.74569165, -74.07720863, 0.925
37.71387942, -122.44182771, -0.75
34.24649413, -118.52495728, 0.25
39.75225475, -75.36390432, -0.558823529412
36.09342762, -115.17428434, 0.0
30.42220343, -91.04773857, -0.5
35.0707965, -78.98759802, 0.5625
32.75995481, -97.48389447, 0.25
41.926611, -73.979059, 1.175
40.75667224, -74.05020426, 0.0
42.27668567, -88.97378993, 0.0
42.3652572, -122.91869089, 0.0
41.9212058, -71.89153363, -0.5
25.9627196, -97.5377585, 0.958333333333
33.15831909, -117.24804326, 0.9552884615380001
39.61423063, -75.94482461, 0.979166666667
41.88804564, -87.62626724, -0.6375
32.97612537, -80.23888065, -0.5123626373629999
34.25193074, -118.60266731, 0.25
29.67107867, -95.20028486, -0.125
36.1814825, -115.1007725, 0.625
33.92870696, -118.42550799, -0.375
41.97529664, -87.69800309, 0.925
39.04823897, -94.45417553, 0.21875
37.36853532, -121.82422766, 0.0
30.56414728, -92.08676263, 0.925
43.19724, -79.5781, 0.1875
36.20677614, -121.14443947, 0.0
40.71870822, -73.98571377, 0.09821428571400004
33.8664996, -118.114937, -0.875
38.94540766, -92.33236597, 0.0
33.03653817, -97.0736391, 0.208333333333
41.9545467, -87.6476977, 0.0
33.71564911, -118.03473024, -1.125
29.81602975, -90.83203593, 0.452380952381
41.92527913, -87.66033527, -0.125
41.27496809, -95.96269117, 0.0
35.67867592, -80.49249507, 0.0
38.68820909, -90.48447886, -0.5
34.203712, -82.16885618, 0.0625
43.35129165, -81.47399739, 0.48750000000000004
39.10286156, -76.93372624, 0.0
34.11223093, -118.33858967, 1.125
29.86096308, -97.94462102, 1.0
32.617182, -117.08179262, 0.0
42.52795874, -93.26820555, 0.875
40.99540899, -75.17164974, 0.0
33.9534505, -83.3644195, 0.0
34.17554833, -97.15123262, 0.7023809523810001
34.1027369, -117.594545, -0.29761904761899993
39.2189591, -119.67096854, 0.25
41.65386957, -87.73905433, 0.04166666666700003
40.15669537, -89.35857773, -0.010416666666999974
33.28878695, -111.69120477, 0.0
40.39129169, -74.35781372, 0.375
42.2735828, -83.49391328, 0.25
35.65770151, -105.97645316, 0.0
37.806794, -122.270195, 0.0
41.8966673, -87.8507425, -0.29166666666700003
33.49694008, -112.20637717, -0.625
35.2225, -80.8375, 0.875
38.91565148, -94.75573589, 0.25
34.00066009, -118.48269939, 0.0
38.4518052, -121.85084397, 0.47916666666700003
40.4827788, -88.9895339, -1.3088235294119999
36.35946671, -119.32525308, 0.0625
41.88804564, -87.62626724, -1.125
40.70319375, -74.14337336, -1.516666666666
42.33923537, -83.35537408, 0.0
39.75225475, -75.36390432, -0.25
36.10138537, -115.17242662, 0.25
34.01271701, -84.30248665, 0.0
36.18044661, -89.65830141, 1.15625
38.50775017, -121.48811409, 0.0
44.60072029, -103.82906676, 0.0
30.23326431, -97.7765405, 0.0
40.11837207, -80.01006127, 0.0
39.77398163, -94.82446037, -0.17708333333300003
42.27774187, -83.24461629, 0.19374999999999998
35.3653157, -97.5330908, 0.0
42.29304182, -89.64118565, 0.0
39.95196998, -120.96620633, 0.041666666667
30.18444161, -93.20740306, 0.71875
38.59797239, -90.0903275, 0.375
32.60009777, -82.34682318, -0.625
29.74782807, -95.61005705, 0.25
37.9292774, -121.69293646, 0.510416666667
48.88933984, -100.05288869, -2.375
34.22707358, -118.46263246, 0.0
38.96502488, -95.24190306, 0.875
39.54508538, -119.80993923, -0.5
49.26422655, -123.17479967, 0.29567307692300004
33.94937469, -83.38550377, 0.0
40.84780801, -74.12752555, 0.0
36.13597361, -86.76903022, -0.3
41.65967041, -91.54763802, 0.221153846154
34.02476901, -117.91091588, 0.0
33.42531815, -111.94003321, -0.2875
36.59327237, -119.44015984, -0.4375
46.399369, -117.06490106, -0.475
42.44006426, -83.1746538, 0.0
29.55367268, -98.3755222, 0.13942307692300004
38.7876051, -89.99554073, -1.3125
33.58691874, -101.94154815, 0.0
37.81773008, -94.71618942, 0.461538461538
30.344096, -97.7027447, 0.0
35.3091, -98.521, 0.875
33.81786739, -117.13318579, -1.0
33.13495066, -97.20468733, 0.0
40.27344862, -74.77185569, -0.125
42.0191201, -93.64174113, 2.05
42.71253833, -87.78676667, -0.125
49.7064733, -112.74754542, 0.0
40.4383, -79.9975, 0.875
40.72852089, -73.98093317, 0.041666666666999974
45.14234873, -93.2686715, 0.0
39.73967888, -105.01199784, -0.375
33.81518158, -116.34146973, 1.625
43.14747268, -93.23325596, 0.333333333333
34.4740625, -117.3917153, 0.16071428571400004
40.42368229, -80.57853845, -0.375
44.94538893, -93.18752942, 1.875
40.13270521, -87.58695337, 1.066964285714
41.12238143, -112.03228167, 0.25
33.93914953, -84.36756806, 1.071428571428
25.87786042, -80.19604909, 0.0
41.3345429, -73.80088497, 0.785714285714
30.43699347, -87.27948418, 0.925
33.5179758, -82.0354013, 0.0
45.491076, -122.410553, -0.208333333333
40.03675656, -75.13179983, 0.375
33.00354823, -110.78917285, -0.85
33.72372961, -112.4196599, 0.20833333333299997
46.7385832, -117.16756454, 1.4607142857139999
34.8078176, -98.2613243, 0.0
39.752261, -75.36395336, 0.0
34.1390193, -79.8843861, 1.25
35.06673207, -92.45769018, 0.0
32.6267551, -116.988877, 0.0
40.77153276, -74.21353999, 1.0
36.85699387, -121.40187841, 0.84375
30.42239394, -97.64123243, -0.5
37.72032527, -121.93146606, 0.0
46.18715179, -119.05512644, 1.15
32.91569769, -117.15829689, 0.0
40.75667238, -74.05020366, 0.0
38.76684297, -76.99286191, 0.3125
29.69173495, -95.51611049, -0.308823529412
31.54360124, -97.12118601, -1.0
25.9627196, -97.5377585, 0.0
39.35544758, -84.45684618, 1.0
31.75448693, -93.10361432, -1.9583333333319999
33.19855995, -97.12898827, -0.85
47.5774001, -122.3336474, -0.25
28.22884039, -82.39328146, 0.25
40.76498047, -73.9882792, -0.666666666666
34.12168439, -118.24249752, -0.375
40.46768137, -79.90636132, 0.0
44.46493236, -88.04451934, 0.0
42.10281445, -76.04161752, 0.125
33.72065041, -117.42346081, 0.0
27.34613463, -82.51860987, -0.75
34.08323945, -117.83907803, 0.639423076923
36.16123786, -86.77454275, -0.75
47.01838043, -122.91115522, 1.175
32.70726233, -97.34467308, 0.25
41.60954489, -88.02191947, 0.291666666667
33.980101, -118.1743415, 0.0
30.36120845, -97.73620536, 0.0
38.39287752, -121.9704738, 0.535714285714
35.1780854, -106.5565454, 0.375
38.9402332, -95.2220051, -0.02083333333299997
41.97529664, -87.69800309, 1.31875
36.16992065, -115.14143057, 0.0
32.617182, -117.08179262, -0.25
39.1166137, -84.596473, -0.375
40.99598353, -75.1707261, 0.0
32.673389, -97.15179677, 0.3125
38.28641345, -121.29587619, 0.229166666667
37.3063437, -121.03331722, 0.0
34.0398369, -118.2810698, 0.29166666666700003
29.76488527, -95.26833017, -0.78125
29.65957836, -95.02251333, -0.4375
29.94257987, -90.09736335, 0.375
37.48642285, -122.23330683, 0.5
34.04370131, -118.26878542, 1.25
34.08385883, -118.34420085, 0.5
30.50920589, -90.47687588, -0.491071428571
33.94848003, -118.268323, 0.0
37.69470767, -89.22276876, 0.0
33.04486246, -96.63918271, 0.639423076923
45.44756924, -73.63934224, 0.0
45.65719842, -122.62285321, 0.3125
40.40450965, -104.69437019, -0.5
32.41313569, -81.77675199, 0.0
34.26195705, -118.55346831, 0.375
41.63540793, -74.716293, 0.208333333333
36.3077997, -115.27736667, 0.30357142857100006
34.11109327, -117.64283962, -0.375
39.77316921, -79.78728274, 1.25
40.74562268, -73.88102076, -0.5
40.08189581, -74.94876986, 0.535714285714
39.9587072, -75.18954349, 0.0
33.60174345, -117.1221824, 0.0
47.92412594, -97.07454646, 0.6398809523810001
41.53312779, -90.58455431, -0.666666666667
47.01597751, -122.82633467, 1.285714285714
36.34690116, -119.66016273, 0.3125
32.57049912, -93.72455946, -0.5
39.76914631, -94.82837967, 0.639423076923
40.30440971, -76.93197878, 0.461538461538
36.51026143, -86.88665314, 0.25
41.84762715, -87.64649437, 0.75
40.08943248, -85.63638339, 0.0
32.72805171, -96.86863814, -0.375
33.16044997, -117.19364929, 1.375
26.00140416, -80.19823655, 0.354166666667
39.81907151, -75.07766525, 0.0
36.10934747, -115.16992838, -0.625
34.02477211, -117.91092418, 0.0
44.02684235, -116.97755101, 1.889423076923
39.995377, -75.1137037, 0.0
47.82972165, -120.01239605, 0.75
33.9203806, -118.2843232, 0.25
29.85414388, -91.63461797, 0.925
39.01885798, -94.4378861, 0.25
34.0846611, -118.3584417, 0.0
26.70415819, -80.05306965, 0.375
33.49677395, -112.20630272, 0.586538461538
33.32410938, -111.5884749, -0.5
33.80310194, -116.96509343, 0.09166666666700002
40.69903254, -73.47765793, 0.0
29.79194179, -90.80387104, -0.625
40.1703791, -76.18751543, 1.452380952381
40.62103059, -79.17556104, 1.854166666667
29.81990447, -94.99347531, 0.0
36.28289767, -115.33204896, -0.053571428571
36.81271779, -119.73165359, -0.475
40.25140886, -75.65105504, -1.5
31.3214801, -89.32768193, -1.083333333333
27.89719624, -82.82564097, -0.33928571428599996
45.55910153, -94.15753804, 0.0
40.85115981, -73.91805804, -1.225
33.87304152, -118.34383224, 0.17500000000000004
43.74600488, -79.48817431, -0.333333333333
34.25095899, -118.53551921, 0.0
33.9387944, -118.0546472, 0.90625
44.91681563, -74.92362619, -0.25
33.19146901, -117.28056379, 0.0
35.4662055, -97.5901119, 0.0
37.89632423, -122.70548369, 0.5
32.4379027, -80.6769438, -0.5
33.05329512, -83.94968254, 0.6398809523810001
33.99612737, -117.50133071, 0.0
32.31616725, -95.23702249, 0.25
33.13093183, -97.20743333, 0.416666666667
40.57325085, -111.91435215, 0.0
45.48689964, -98.49396796, 0.0
33.54011653, -112.09797369, 0.0
26.15800853, -80.13571369, 0.354166666667
34.8078176, -98.2613243, -0.5
39.64482122, -77.70185483, -0.208333333333
32.08982948, -96.45139545, -1.125
28.96256218, -98.49016953, 0.910714285714
37.29177306, -121.93203058, 0.0
42.43139842, -71.05229886, 0.5
29.88729504, -97.95283169, -0.375
35.5787468, -98.2878039, -0.125
33.74381359, -117.90486106, 0.25
39.95366051, -75.17426492, -0.360119047619
41.34549298, -75.97455002, 0.375
40.20990612, -122.2613227, 0.0
32.28456166, -106.74615051, 0.0
45.5179391, -122.8959342, -0.36057692307699996
29.4881855, -98.51129319, 0.0
32.84879036, -97.30622374, 0.0
34.01988404, -118.32493991, 0.3125
44.57593872, -123.28190493, 0.0
38.93276823, -92.8090262, 0.514423076923
40.77103584, -73.98583072, 0.375
33.29078222, -111.69642191, -1.241071428571
41.60963529, -88.02197512, 0.0
32.65887783, -116.99079171, 0.1
33.9556072, -80.93636312, 0.75
33.94114942, -117.9893301, -1.0
34.08160758, -117.86947165, -1.3888888888889999
40.42841876, -86.92281961, 0.3125
38.98938153, -76.8881406, 0.0
36.12113291, -115.17581463, 0.475
33.19908097, -87.54020923, 0.925
33.57876652, -84.64465303, -0.333333333333
31.31313084, -94.76586616, 0.46875
41.55530088, -87.20822477, 1.460714285714
32.82093196, -96.96305258, 0.238095238096
33.75551512, -116.30131245, -0.458333333333
40.8335115, -73.91998855, 0.25
36.20258165, -115.17454274, -0.375
40.74932323, -73.99431159, 0.25
37.79345637, -121.92501585, 0.461538461538
34.08795746, -80.86577158, 0.0
37.81601445, -122.27218571, 1.441964285714
41.99672359, -87.65603439, 0.875
33.49680567, -112.20633131, 0.0
35.96008537, -83.92092506, 1.9608516483510001
48.1272014, -123.46774688, 1.375
29.77389608, -95.61172239, 0.535714285714
33.66705783, -117.92176191, 0.9857142857140001
43.64037886, -83.8972513, 0.0
42.26599074, -71.11792353, 0.625
29.92738084, -95.67730827, 0.33333333333299997
41.43648333, -87.11801214, 0.532967032967
30.22773926, -97.74962445, 0.0
33.72588688, -116.2467371, -0.525
32.498699, -92.1152835, 0.0
41.6366806, -87.4811038, 0.0
33.40668044, -111.96234882, 0.253676470588
40.78343541, -74.20187549, 0.0
35.30071269, -120.65685486, -0.75
29.81990447, -94.99347531, 0.484375
39.68184391, -75.75971447, 0.0
41.60465705, -93.63925481, -0.125
32.88119347, -117.21175296, -0.625
45.37878345, -75.67217052, 0.375
40.63477792, -111.94795528, 0.38392857142899994
40.55120671, -105.03054657, 0.461538461538
30.03497845, -90.00258272, 0.25
47.0147786, -120.55164638, 0.8125
34.08165728, -117.86953208, 0.125
33.94100664, -117.2315996, 0.0
32.73907771, -97.14823091, 0.25
47.41513178, -122.17918147, 0.0
36.35930473, -119.32544142, -0.875
41.60967251, -88.02199633, 0.0
30.03337021, -90.04348917, 0.375
33.94866443, -118.04247086, -0.25
40.65282353, -73.70942493, -0.25
29.61782984, -82.35801131, 0.0
33.94850719, -118.26831303, 0.0
40.52553789, -74.45890827, -0.333333333333
35.4953913, -97.5482514, -0.5
44.97659458, -93.27114031, 0.0
37.69025209, -122.11399099, 0.0
33.3188841, -111.9930308, 0.0
44.56030375, -123.27458492, 0.25
29.91862823, -95.57359914, 0.31442307692300003
39.63513496, -78.27415594, 0.0
32.5980676, -85.4897185, 0.75
30.6170704, -96.34563698, -0.25
33.59713397, -117.1961979, -0.25
38.96003486, -90.15793878, -0.125
30.1176246, -94.15506665, 1.0625
37.78918413, -122.3955975, -0.302083333333
42.47384983, -70.94891597, 1.071428571429
37.65600506, -98.71201454, -0.25
47.23503767, -122.47690693, -0.458333333333
45.07905132, -83.47455025, -0.375
32.800992, -79.9402676, 0.639423076923
29.79211425, -90.8038915, 0.375
34.10536139, -118.07578574, 0.0
38.14410754, -85.75733433, 0.25
44.14959331, -93.99364745, 0.0
34.25337528, -118.60806735, 0.0
38.52747804, -121.43658068, -0.875
49.18789393, -123.08911628, 0.25
33.6017836, -117.12213169, 0.785714285714
25.78969419, -80.1324222, 0.0
38.70132392, -90.34570657, 0.0
32.31608804, -95.23704671, 0.0
33.4967954, -112.20629342, 0.625
38.71620343, -121.2665764, -0.833823529412
40.76431647, -74.5043895, 0.5714285714289999
39.0522583, -94.58970672, 0.65625
39.8440026, -96.06886217, 0.25
49.31951368, -123.08025903, 0.38942307692300004
42.26599074, -71.11792353, 2.160714285714
40.19878442, -74.97022237, -0.375
35.58196095, -87.45288691, 0.375
43.41112447, -124.25228563, -0.833333333333
38.58867719, -121.29641762, 0.0
35.786569, -78.67348392, 0.0
36.00711411, -115.09957664, 0.0
36.5892214, -101.6378587, -1.749999999999
28.61260043, -96.6421945, -0.625
36.10137089, -115.17220974, 0.0
41.0951685, -111.9673157, -0.5625
41.78171106, -86.71075742, 0.604166666667
27.9004745, -97.14372735, 0.0
35.52604835, -97.58209644, 0.5
34.94422674, -81.02850437, 0.16666666666699997
33.94636087, -117.4517731, 0.0
40.71685347, -73.84583688, -0.708333333333
34.0821829, -118.2934404, 0.0
33.63074765, -111.7594876, 0.0
33.55843354, -96.91198862, 0.5
33.4486568, -88.8017493, 1.18108974359
29.73023309, -95.62517639, 0.41071428571400004
34.97980361, -101.91802778, 0.321428571429
32.60031666, -82.34644176, 0.0
35.33424939, -119.04243493, 0.0
40.77151085, -74.21353889, 0.45833333333299997
36.10241112, -115.16946316, -0.4375
40.7485234, -84.10926422, 0.0
41.88645074, -71.34899656, 0.16666666666699997
43.06959255, -89.40143564, 0.5625
38.14318272, -85.65520697, 0.43392857142900004
36.25849862, -115.15733864, 0.0
34.09850794, -118.32357186, -0.125
32.71378468, -117.158853, 0.0
33.18392518, -97.10312697, 0.5
37.88404353, -121.27715056, 0.3
33.9734447, -118.1957999, -1.375
34.15003189, -118.38029938, 0.0
34.06837338, -118.2752616, 0.13165266106499995
37.31622818, -121.78067413, -0.75
33.13396634, -117.15886812, -0.75
32.7480284, -96.2750019, -0.5
43.25973728, -79.92385837, -0.475
33.400856, -111.87265386, 0.25
36.92372118, -121.77724851, 0.0
41.15200303, -81.35475101, 0.0
32.41310763, -81.77679045, 0.0
40.61899651, -74.03510513, 0.541666666667
40.82806431, -73.94087649, 0.25
25.7146095, -80.28372804, 0.25
32.73539438, -116.84928859, -0.15625
39.16782353, -76.62378869, 2.035714285714
46.73255896, -117.19232862, 1.639423076923
41.35009419, -88.86343396, -0.25
36.6023308, -79.402987, 0.0
45.50999651, -122.68338326, 0.75
33.78699715, -118.16417396, -0.4375
40.30438907, -76.93192715, -0.04999999999999999
32.67342572, -97.15182485, 0.0
41.2898325, -95.99318814, -0.208333333333
45.59191724, -122.72493861, -0.490384615385
34.03190466, -118.48223063, 0.0
37.92402507, -121.2345391, 0.639423076923
30.94915277, -95.92307087, 0.375
40.92741447, -74.063674, 0.535714285714
34.00369232, -118.48458007, 0.0
32.75926321, -97.48375967, -0.6875
41.94087251, -87.68774748, 0.375
40.826891, -73.939885, 0.0
45.59111171, -121.16593214, -0.745833333333
34.04705514, -118.25116211, 0.794642857143
41.63543437, -74.71633667, 0.708333333333
41.82145294, -72.64665493, 0.25
34.01504181, -117.17054112, 0.375
41.53308539, -90.58457574, 0.0
31.74599261, -106.30991455, 1.917788461538
40.8726885, -74.02598285, -0.583333333333
40.72682785, -73.95301402, 0.0
37.78912592, -122.40992365, 0.5625
34.09294121, -118.38376226, 2.216666666667
29.95241359, -90.0677722, 0.0
37.98699397, -122.32005402, 0.0
42.37200421, -96.45319599, 0.475
40.70077585, -75.16885006, 0.0
33.15753109, -87.5634262, 0.5625
33.93197535, -117.50154541, 1.85
44.39025881, -103.40757106, -0.375
33.95573142, -117.01247795, 0.0
41.18846279, -95.98247914, 0.625
32.6001274, -82.3467008, 0.0
43.14121415, -95.14047328, 0.0
29.96140268, -95.4843849, 0.291666666667
48.18177583, -103.63026736, 0.65
39.92188523, -75.17621106, 1.3625
35.5787468, -98.2878039, 0.0
34.67750915, -118.16732789, -0.25
27.34617587, -82.51884622, 0.0
32.79793277, -96.79507003, 0.0
30.41244097, -84.2810879, -0.558823529412
32.4102478, -81.7823573, 0.5625
33.96677491, -118.2003646, 0.25
30.61705234, -96.34564728, 0.958333333333
39.2831289, -123.22656822, -0.325
28.70005726, -100.4893826, 0.0
33.98199721, -118.17603808, 0.0
39.50034896, -75.22344829, 0.625
32.4300883, -99.8402258, 0.666666666667
41.33381163, -88.84624897, 0.25
47.29802269, -122.38824146, 0.5625
41.08617348, -111.99376013, 0.625
34.15928234, -117.35907418, 0.84375
37.9896875, -84.51502762, 0.830599547511
40.86389981, -73.88707625, 0.0
36.1710432, -115.09275248, -0.6785714285710001
44.56805091, -123.27587793, 0.0
41.25478147, -76.99706411, 0.25
33.55451526, -112.13706006, 0.5
41.58932787, -87.72295852, 0.25
32.7480284, -96.2750019, 0.660714285714
37.68956, -97.33517, 0.25
25.98564857, -80.24707036, 1.0
45.52643356, -122.39760599, -0.26041666666700003
37.3305248, -121.8062637, 0.75
29.7425705, -95.2452817, 0.0
26.20446498, -98.2954413, -0.4375
33.57876652, -84.64465303, 0.0
33.93065359, -118.31868414, -0.25
38.3914477, -121.99900003, 0.8416666666670001
33.93526264, -84.25614569, 0.0
36.25791002, -115.15687681, 0.0
30.03501286, -90.00254776, -0.375
40.40315009, -104.77479765, 1.291666666667
41.7836913, -87.66933379, 0.892857142857
41.00808391, -76.44969582, -0.25
39.93643651, -82.84681544, 0.0
36.09633728, -115.10633879, 0.0
32.61177533, -91.68671087, -0.5
43.84072395, -87.88422386, 0.729166666667
41.92271224, -91.41727254, 0.5
30.59235066, -96.33375336, 0.0
40.8335115, -73.91998855, 0.25
35.0789104, -92.46265328, 0.639423076923
25.78933546, -80.1310829, -0.333333333333
49.19210601, -113.31907403, 0.0
34.79887845, -87.68090656, 0.375
39.51717376, -74.93921533, -0.375
38.57906, -121.491013, 0.104166666667
40.82806431, -73.94087649, 0.0
34.02624108, -118.28699629, 0.625
41.59640655, -93.53144919, 0.28125
41.86770248, -87.88445466, 0.721153846154
39.9535322, -75.17419956, -0.625
42.71253833, -87.78676667, -0.21428571428599996
42.36650312, -71.01667643, -0.625
35.19782618, -76.68423123, 1.675137362637
42.47384983, -70.94891597, 0.0
40.86680716, -74.08700395, -0.625
34.05604088, -117.75122096, 0.25
33.20577107, -87.54868216, 0.0
34.23941042, -118.54168606, -0.5
42.90021788, -78.88307336, 0.0
35.44478859, -97.30105781, 0.25
36.69478986, -121.60444904, 0.0
31.53957542, -97.09642332, 0.25
39.16521951, -86.51046233, 0.02083333333299997
37.70051194, -121.87709092, -0.375
33.81938445, -98.68520959, -0.5
40.69847033, -73.95144224, 0.0
37.74265741, -121.96094271, 0.8125
38.71620343, -121.2665764, 0.0
43.13952131, -75.22878681, -0.78125
27.34616672, -82.51874506, 0.375
32.61715245, -117.08161736, -0.8869047619049999
39.39619453, -76.60772093, 0.701923076923
41.82145294, -72.64665493, 0.0
36.11744527, -115.17487875, 0.0
36.17578011, -77.22080473, 0.0
39.16392579, -84.4654932, -0.2833333333329999
42.36114597, -122.8468921, 0.014880952381000012
41.45238484, -89.6855037, -0.25
45.53027151, -122.91573032, -0.20833333333299997
41.2859879, -96.0681288, 0.625
40.6299761, -74.2549105, 0.0
25.60240233, -80.42513064, 0.021634615385
29.78593258, -90.84318488, -1.125
33.78383501, -118.16052491, 0.0
41.53303308, -90.58466148, -0.375
34.10258215, -118.32971279, 0.0
43.06542628, -87.90398089, -0.375
33.16049247, -117.19364915, 0.0
36.25801683, -115.20394627, -0.25
46.73255896, -117.19232862, 0.0
36.1900794, -115.2642581, 0.5
28.41972222, -100.76722222, -0.75
34.04041809, -118.26646585, 0.625
40.6004519, -75.3493523, -0.5
40.46746745, -79.90611923, -0.25
33.52487589, -86.72409827, 0.10416666666699997
40.7515805, -73.9931007, 0.0
33.13386091, -117.15890799, -0.75
40.60742292, -74.43175657, -0.75
41.43361481, -75.64359874, 0.25
36.57796218, -87.42726347, 0.0
39.53276003, -119.81590032, 0.0
37.88402878, -121.27719674, 0.0
43.26631919, -70.86557451, 0.375
37.95154302, -121.70160114, 1.816506410256
32.77975007, -89.11651723, 0.0
33.61323462, -112.17478015, 0.625
31.63284588, -94.66502675, 0.430288461538
39.6629261, -105.0480551, 1.875
42.65536292, -95.19918397, -0.25
40.16398833, -75.50860158, 0.0
37.73178365, -84.32210835, -0.558823529412
33.81682861, -84.01949235, 0.25
40.62111525, -79.17558652, 0.910714285714
33.5179758, -82.0354013, 0.5293040293040001
41.07571269, -81.52132187, -0.333333333333
32.7480284, -96.2750019, 0.0
30.26898249, -97.74293661, 0.0
39.70187599, -86.10300276, 0.625
49.18787852, -123.08908732, -0.895833333333
40.83349903, -73.91996533, -0.458333333333
36.13847089, -120.34831635, -1.125
42.79083158, -96.93192782, -0.625
38.9464835, -77.09598253, -1.427083333333
33.94896907, -116.46594845, -0.75
42.97005715, -78.85056162, -0.583333333333
36.44630821, -79.09125519, -0.375
32.4102478, -81.7823573, 0.0
36.26714973, -115.25272337, -0.71875
33.98011815, -118.20886555, 0.0
36.38969039, -89.04230507, 0.0
40.76387624, -73.9988098, 0.25
32.79048544, -96.81036472, 0.0
33.19704637, -87.52902894, 0.0
39.79178917, -85.73732619, -0.4375
40.08076383, -82.92781823, 0.25
32.93261851, -117.10323276, -0.475
41.9030596, -87.66725063, 0.0
42.2940444, -83.72273478, 0.0
41.08664008, -73.80526081, -0.875
41.99665717, -87.65619082, -0.15000000000000002
34.16542045, -118.46550484, -0.125
30.07183213, -94.09667395, 0.275
29.5297273, -98.30783523, -0.11458333333300003
33.49678526, -112.20634329, 0.125
31.92097256, -92.64543017, 0.0069444444439999975
34.19448956, -118.80305342, 1.004464285714
42.26604116, -71.1179076, 0.541666666667
34.17641245, -118.45506825, -0.1875
45.488601, -73.5846469, -0.25
32.77976214, -89.11652603, 0.0
48.88933999, -100.05288677, 0.0
35.41959381, -94.39236755, -0.625
30.41672521, -86.59485028, 0.0
33.9203806, -118.2843232, 0.125
34.19402721, -118.62523031, -1.0
27.02850826, -82.06871054, -1.875
33.4858415, -112.0165593, 0.625
33.72022154, -96.56195394, 0.25
45.09065289, -93.32842013, 0.375
30.61702841, -96.3456348, -1.15
41.52795267, -83.64491207, 0.25
42.6005688, -71.3559562, 0.535714285714
37.88402652, -121.27718534, 1.354166666667
42.87963047, -85.71870383, 0.5
42.91681027, -78.67848436, -1.555555555556
36.97062052, -120.04452252, 1.4625
33.74858191, -117.87015108, 0.0
39.72174658, -121.84959264, 3.311538461538
34.46266633, -120.02756252, 0.6875
40.6287322, -75.38355274, 0.0
37.64070273, -120.92982513, -0.375
36.30785849, -115.27732957, 0.0
34.08269442, -85.19741298, 0.0
39.65840482, -75.99224069, 0.0
40.77151726, -74.21353714, 0.25
36.18148833, -115.10076833, 0.25
34.53931075, -117.32810866, -0.125
25.78666591, -80.13128103, 0.0
39.66570083, -86.0279222, -0.5
47.07021038, -122.93248436, -0.75
38.24504879, -78.08913415, -0.25
36.17244629, -115.09637271, 0.0
45.55065289, -122.7717479, 0.0
38.49557772, -121.7959881, 0.30608974359
33.42982044, -112.54813006, 1.633333333333
38.42170448, -78.87817768, 0.375
38.89665417, -77.04388054, 0.0
29.61784093, -82.35807838, 0.0
40.60719743, -74.43174994, 0.0
38.40824591, -121.18800709, 0.9038461538460001
38.50128262, -82.60486722, 0.639423076923
33.21841995, -87.54337249, 1.136538461538
30.03501948, -90.00257215, 0.0
33.79796693, -117.9487262, -0.375
33.7553682, -116.88556092, 0.0
41.78169647, -86.7107448, -0.298076923077
40.98592229, -75.97252539, -0.75
39.4264962, -77.8237966, -0.775
41.6366813, -87.4811031, 0.541666666667
31.46262074, -100.4611061, -1.375
38.8333318, -77.30646088, 0.25
43.531709, -116.42569427, -0.152777777778
33.42220383, -82.14477165, -0.25
41.66978355, -91.54225477, -0.777777777778
41.00767992, -76.44975958, 0.25
34.46266633, -120.02756252, 0.0
40.46748725, -79.90626878, 0.5
40.63472105, -111.94795394, 1.466666666667
32.68886952, -97.14569292, 0.0
33.5787397, -84.64465689, -0.25
32.74805, -96.2750023, -0.625
37.7778657, -121.1430764, 1.278846153846
33.75580954, -118.04188315, 0.375
41.8899613, -87.62903765, 0.15625
40.60141176, -83.11822075, 0.375
33.66964815, -112.18324855, -0.625
43.39349173, -124.25481633, 0.3125
30.09560178, -95.99646717, 0.0
33.93090226, -118.41391515, -0.5
31.75984831, -89.69234618, 0.25
32.1607362, -81.9110089, 0.0
42.4538669, -82.9415801, 1.790865384615
36.2581114, -115.29116211, 0.125
29.94067785, -90.11873988, 0.375
39.98894415, -75.17085635, 0.75
37.94289809, -122.33000233, -0.208333333333
40.62615712, -74.24237494, 0.208333333333
38.8929249, -104.78623183, 1.2375
35.07700698, -92.45797356, 0.925
42.40865354, -71.0564856, 1.629464285714
33.83260399, -117.55148776, 0.0
34.64507788, -86.73297953, 0.25
34.7698352, -89.4471346, 1.278846153846
30.48693473, -87.17261659, 0.75
42.92535563, -83.50789379, -0.020833333333000026
36.71819, -119.56241, 0.0
34.1072039, -117.3176508, 0.025000000000000022
35.21778806, -106.67836915, 0.0
48.00667752, -122.10600276, 0.375
43.75338234, -71.68987736, -0.21875
40.83349969, -73.92001284, 0.0
40.62111525, -79.17558652, 0.535714285714
29.75190853, -95.45546033, 0.55
36.20677165, -121.14442681, 0.625
30.42190244, -91.04963691, -0.375
33.18918919, -97.14475244, 0.375
38.36424381, -98.75937003, -0.22499999999999998
40.72499643, -73.80171913, -0.28125
28.53901637, -81.15275608, 0.166666666667
48.02715891, -122.12806561, 0.0
34.26197582, -118.5534958, -0.5
40.53721152, -74.18955476, 0.211538461538
38.6232, -121.44927, 0.0
34.70957503, -82.27760634, -0.25
29.86090041, -97.94453157, 0.375
34.18732657, -118.45471711, -0.708333333333
36.82177765, -119.86093412, 0.925
46.73255896, -117.19232862, -0.475
34.0739353, -118.2779648, 0.25
36.0251822, -106.06520752, 0.639423076923
29.95981064, -90.09068559, 0.5714285714289999
41.19645954, -96.1691997, -0.375
40.77154102, -74.21356199, 0.375
36.0575204, -115.0636184, 0.041666666667
34.00942328, -117.58594708, 0.0
38.59263542, -90.53863107, -0.45833333333299997
33.7031149, -112.1625766, 0.416666666667
48.51658439, -122.24928618, -0.0625
34.08394387, -118.34434225, 0.925
25.75450446, -80.37663695, -1.145833333333
39.86129578, -95.27273834, 1.684615384615
42.84434513, -91.80242258, 0.8125
29.92887995, -95.62705154, 0.75
34.18672687, -118.62344823, 0.0
39.71287518, -94.85300337, 0.25
33.782843, -118.157391, 0.0
43.22438501, -89.25572807, 0.208333333333
40.70955391, -74.01217769, 0.0
34.1961211, -118.59331204, 0.5
34.20674533, -93.04123015, -0.15178571428599996
40.69667134, -89.61412823, 0.3125
33.23336385, -97.08732466, -0.208333333333
33.80258161, -117.85317927, 0.925
35.07680812, -92.45791775, 0.0
41.0079159, -76.44940406, -0.574404761904
26.25552374, -98.38681891, 0.15625
33.94495645, -118.14176389, 0.25
34.03993555, -117.39659092, -1.0
36.20872401, -84.14141488, 0.25
26.85887221, -80.10520153, 0.0
47.05265751, -122.35298526, 0.1
33.31106379, -111.69765925, 0.0
32.90789191, -96.87541869, 0.4375
35.19781885, -76.68423811, -0.354166666667
32.9949427, -96.85128635, 0.208333333333
33.78731862, -118.30450407, 0.15625
47.68617244, -122.14177066, 0.30000000000000004
34.0714995, -118.19921057, 0.0
48.02711285, -122.12804692, 0.25
38.65877855, -121.49913015, -0.09999999999999998
44.57874, -80.94341, 0.416666666667
43.13952415, -75.2287365, 0.0
34.05494185, -118.28886906, 0.0
27.69138351, -97.33224256, 0.889423076923
44.46084388, -88.04226064, -0.8916666666669999
34.1940094, -118.62526048, 1.1875
33.4486568, -88.8017493, 0.125
32.71366325, -117.1600425, 0.0
37.2328994, -77.4206669, 0.9
34.2116917, -118.43025072, 0.0
42.170193, -88.2939562, -0.21875
36.65490244, -121.66303318, 0.625
38.7812483, -89.98426452, 0.535714285714
32.30141811, -80.97753394, 0.0
41.27507902, -81.09754581, 0.0
38.28922273, -77.58261617, 1.181547619047
33.68719286, -116.20526727, 0.0
49.18780341, -123.08909804, 0.625
46.65959716, -120.53977247, 0.31696428571400004
44.5727248, -123.27450504, 1.066964285714
34.09543362, -117.58398687, 1.550137362637
29.68241334, -95.30579275, 0.0
25.93004733, -80.12449265, 0.0
33.98353073, -118.33950787, 0.785714285714
40.20151776, -85.40501175, 0.0
34.10535259, -118.07574023, -1.0
41.94355214, -88.77542001, 0.375
36.01242499, -115.12807338, 0.0
37.3305248, -121.8062637, 3.668269230769
37.78742003, -122.39935756, 0.0
38.4237902, -82.42107309, 0.0
34.08236676, -118.37367309, 0.0
30.26375265, -81.73102302, 0.0
33.42187373, -111.90220666, -0.75
29.73024477, -95.6251579, -0.3125
37.777619, -122.438369, 0.0
36.2903229, -119.80028009, 0.25
